Words,Frequency
no,19
baby,17
remix,15
do,12
dice,12
fue,12
tú,11
pero,11
go,10
dile,10
dont,10
duro,10
papi,9
daddy,9
cómo,9
sigue,9
ya,9
bebé,9
sube,9
más,9
you,9
life,9
va,8
ozuna,8
lento,8
farru,8
bien,8
na,8
loca,8
botella,8
fuego,8
ve,8
quiere,8
dime,8
conmigo,8
one,8
verte,7
die,7
tiempo,7
sabe,7
brr,7
mira,7
contigo,7
okay,7
say,7
melo,7
claro,7
maluma,7
up,7
amiga,7
like,7
solo,7
auh,7
ajá,7
ma,7
sé,7
vuelve,6
toda,6
vuelta,6
novio,6
yatra,6
lindo,6
day,6
conoce,6
quién,6
el,6
quiero,6
ahora,6
oye,6
cabrón,6
tiene,6
otra,6
ja,6
sech,6
on,6
bunny,6
cosa,6
nadie,6
towers,6
mal,6
sí,6
buena,6
llora,6
sola,6
baila,6
flow,6
why,6
girl,6
nunca,6
amor,6
día,6
love,6
mami,6
parte,6
hora,6
diablo,6
know,6
rojo,6
chi,6
come,6
mama,6
i,6
now,6
night,6
high,6
hola,5
fuck,5
una,5
true,5
hay,5
nota,5
head,5
mío,5
mágico,5
everybody,5
scott,5
here,5
messiah,5
suelte,5
gang,5
dababy,5
sepa,5
skrrt,5
this,5
eheheh,5
more,5
nanana,5
diga,5
solté,5
that,5
cazzu,5
movie,5
game,5
dos,5
dy,5
down,5
drake,5
prada,5
pon,5
name,5
da,5
hacer,5
hace,5
habla,5
ha,5
moja,5
en,5
dale,5
time,5
dalex,5
gusta,5
noche,5
todo,5
siga,5
grande,5
ni,5
muévelo,5
bad,5
woah,5
believe,5
mano,5
pare,5
real,5
llama,5
quieres,5
yeahyeah,5
mala,5
lipa,5
borracho,5
amar,5
amarillo,5
over,5
jajaja,5
yankee,5
jajajaja,5
jam,5
relación,5
vivo,5
out,5
yandel,5
aquí,5
anuel,5
beso,5
malo,5
rose,5
papá,5
rosalía,5
bieber,5
quiera,5
le,5
road,5
zion,5
mamacita,5
vamos,5
perreo,5
vaya,5
what,5
camilo,5
baile,5
cambie,5
año,5
be,5
leggo,5
calma,5
lady,5
okey,5
young,5
yes,5
ven,5
venga,5
mamá,5
ayy,5
man,5
back,5
muchacho,4
ley,4
garcía,4
gana,4
malone,4
sol,4
santa,4
fácil,4
mueve,4
star,4
mujer,4
stallion,4
floor,4
lunay,4
fonsi,4
raye,4
look,4
mai,4
forever,4
soy,4
soul,4
loco,4
freestyle,4
frente,4
ready,4
sorry,4
song,4
from,4
pasa,4
fuentes,4
ricky,4
linda,4
rarauw,4
something,4
fuera,4
rain,4
get,4
safe,4
mañana,4
minaj,4
in,4
mil,4
secreto,4
hasta,4
im,4
sabes,4
sea,4
sad,4
heart,4
mejor,4
ice,4
rico,4
said,4
her,4
huele,4
hiciste,4
hot,4
quavo,4
savage,4
hizo,4
quería,4
mentira,4
still,4
mera,4
ir,4
shake,4
run,4
mmm,4
right,4
ring,4
god,4
gomez,4
sin,4
home,4
kid,4
goza,4
just,4
grandota,4
guaynaa,4
juqueao,4
juan,4
rosas,4
gucci,4
money,4
siempre,4
rra,4
je,4
jangueo,4
puede,4
si,4
mars,4
its,4
shot,4
hoodie,4
lyan,4
uoh,4
beabadoobee,4
of,4
away,4
cat,4
azul,4
with,4
cash,4
ohwoh,4
vamo,4
wisin,4
bag,4
canción,4
cama,4
calor,4
calle,4
call,4
woman,4
chica,4
wont,4
arrebatao,4
wow,4
piel,4
conviene,4
control,4
novia,4
con,4
tusa,4
uhyeh,4
world,4
nuevo,4
city,4
ass,4
oasis,4
uhuhuh,4
vemo,4
ca,4
bailar,4
w,4
paul,4
bitch,4
volví,4
voy,4
besos,4
pain,4
whats,4
outro,4
wait,4
bellaca,4
bella,4
becky,4
way,4
bebecita,4
black,4
blep,4
olvidar,4
boté,4
ver,4
only,4
bailemos,4
brown,4
bridge,4
verso,4
balvin,4
pena,4
vete,4
vez,4
pendejo,4
boca,4
otro,4
blunt,4
trago,4
coro,4
nosotro,4
nada,4
cortez,4
teta,4
next,4
ponle,4
never,4
pared,4
tell,4
dímelo,4
again,4
necesita,4
easy,4
em,4
end,4
nalga,4
esa,4
diosa,4
sza,4
ese,4
z,4
esta,4
7,4
estoy,4
eye,4
mía,4
face,4
farruko,4
favor,4
favorito,4
4,4
zumba,4
algo,4
alejandro,4
all,4
the,4
cyrus,4
yeaheh,4
nombre,4
pijama,4
amo,4
culpa,4
culo,4
cuerpo,4
noriel,4
anda,4
cuenta,4
wrong,4
normal,4
cree,4
crazy,4
damn,4
play,4
dando,4
darell,4
difícil,4
dick,4
pasó,4
thing,4
altura,4
thug,4
ninguna,4
west,4
am,4
deja,4
toca,4
niña,4
pasaría,3
rasta,3
pasar,3
rake,3
paso,3
problema,3
paulo,3
puedo,3
place,3
playa,3
pueda,3
pone,3
pongo,3
près,3
ratito,3
pool,3
porfa,3
postcoro,3
prueba,3
pow,3
powfu,3
prechorus,3
pregunta,3
presión,3
primera,3
piense,3
puente,3
pay,3
puta,3
pelo,3
racks,3
quita,3
quiles,3
pendiente,3
pepa,3
permite,3
perrear,3
quevedo,3
perrie,3
phillie,3
princesa,3
queen,3
quede,3
phone,3
pichea,3
pido,3
0,3
somo,3
rato,3
tonight,3
top,3
touch,3
toy,3
tranqui,3
tranquilo,3
tres,3
trr,3
tu,3
turizo,3
tutu,3
tóxico,3
u,3
uff,3
ugh,3
uno,3
tonta,3
tongue,3
uy,3
tommy,3
temprano,3
tengo,3
tenía,3
termina,3
thank,3
thats,3
thedream,3
though,3
three,3
ting,3
tjay,3
today,3
together,3
toma,3
tomar,3
us,3
valora,3
tattoo,3
walk,3
wayne,3
weak,3
weather,3
weeknd,3
wheeler,3
who,3
wrist,3
wrld,3
yeahyeahyeahyeah,3
yeheheh,3
yehyeah,3
yehyehyeh,3
yep,3
yumi,3
zzoilo,3
want,3
volver,3
vas,3
voa,3
vayas,3
veces,3
vegas,3
venir,3
vente,3
veo,3
verdad,3
verde,3
version,3
versión,3
ves,3
vi,3
vida,3
vive,3
viviendo,3
tavárez,3
también,3
razón,3
rosa,3
royce,3
rrr,3
running,3
s,3
saber,3
sabía,3
safaera,3
sal,3
sale,3
salir,3
salud,3
santos,3
saqué,3
saumet,3
saweetie,3
round,3
ropa,3
sean,3
ron,3
read,3
red,3
refrán,3
reggaetón,3
reik,3
repetir,3
retrato,3
revuelta,3
rica,3
roca,3
rockstar,3
roja,3
rojos,3
rola,3
role,3
se,3
see,3
talk,3
stress,3
stupid,3
styles,3
su,3
suelta,3
sueño,3
summer,3
sun,3
suénalo,3
súbelo,3
súbete,3
t,3
tabla,3
tainy,3
take,3
tal,3
stuntin,3
story,3
sentimiento,3
stay,3
sentimientos,3
será,3
shit,3
shoes,3
sia,3
side,3
siete,3
sigues,3
sirve,3
smile,3
smoke,3
snow,3
solita,3
soltera,3
stand,3
pasando,3
lyanno,3
party,3
debo,3
cuero,3
cupido,3
curiosidad,3
cut,3
cuándo,3
dance,3
darkiel,3
ddddddy,3
decirte,3
después,3
dee,3
deh,3
demasiado,3
deo,3
derechos,3
derulo,3
desconocidos,3
deseo,3
cuando,3
cry,3
corona,3
corleone,3
cheese,3
china,3
chingar,3
ciego,3
cielo,3
click,3
close,3
cnco,3
coco,3
colabora,3
colombia,3
coming,3
como,3
contento,3
contra,3
cora,3
corazón,3
desnudé,3
destino,3
change,3
eva,3
entonce,3
entonces,3
envolverme,3
escribe,3
espera,3
estaba,3
este,3
estrella,3
eyes,3
diabla,3
falla,3
fama,3
family,3
feat,3
feel,3
feelings,3
feid,3
felicito,3
entiende,3
enseñe,3
enamore,3
ehyeah,3
dicen,3
dije,3
dio,3
discotek,3
disimular,3
dize,3
don,3
dormir,3
drop,3
drums,3
dura,3
dé,3
dónde,3
eah,3
ear,3
ebratt,3
eddie,3
check,3
chainz,3
fight,3
bae,3
arcángel,3
are,3
asesina,3
atrás,3
aventura,3
avisa,3
añora,3
babueh,3
banda,3
bellaquera,3
bandido,3
bands,3
barrio,3
bas,3
beats,3
bebe,3
bebebebecita,3
beber,3
apague,3
anywhere,3
antigüita,3
another,3
2020,3
24kgoldn,3
abajo,3
above,3
adiós,3
agua,3
aguilar,3
ahahah,3
ahorita,3
aitana,3
ajena,3
alcohol,3
alone,3
alright,3
amigo,3
amigos,3
and,3
becerra,3
benidorm,3
casualidad,3
callaíta,3
buscándote,3
bye,3
báilalo,3
bésame,3
cabello,3
calderón,3
caliente,3
callaita,3
can,3
besamo,3
cara,3
carajo,3
caramelo,3
cardigan,3
care,3
carro,3
casa,3
casper,3
buscando,3
busca,3
bueno,3
brytiago,3
besar,3
besé,3
better,3
bichota,3
billete,3
blame,3
blow,3
blu,3
blue,3
bobo,3
bom,3
bonita,3
bonito,3
booty,3
borré,3
bout,3
boy,3
fiel,3
final,3
parta,3
mente,3
mariah,3
marido,3
mario,3
married,3
mata,3
matter,3
medellín,3
mendes,3
mercado,3
music,3
mess,3
message,3
mia,3
misma,3
mmh,3
momento,3
morado,3
move,3
mar,3
mandé,3
mambo,3
mali,3
leone,3
let,3
lets,3
lights,3
likeinterludio,3
likepuente,3
likeverso,3
little,3
live,3
llame,3
llorar,3
londra,3
long,3
lover,3
luian,3
16,3
machine,3
mucho,3
mwah,3
lejos,3
ortiz,3
número,3
ohohohoh,3
ohohohohoh,3
ojo,3
ojos,3
ola,3
olor,3
oohooh,3
oscuro,3
my,3
ouh,3
pablo,3
pacá,3
paid,3
palabra,3
parar,3
pares,3
part,3
nueve,3
nueva,3
not,3
nononono,3
má,3
n,3
nacer,3
nana,3
nasty,3
need,3
negro,3
nena,3
nene,3
neverita,3
nick,3
nicole,3
nigga,3
nio,3
noches,3
nodal,3
nonono,3
lennox,3
lee,3
fire,3
haga,3
guincho,3
gunna,3
gustó,3
guy,3
gyal,3
hablar,3
había,3
hacerlo,3
hago,3
hermano,3
hallelujah,3
halsey,3
happy,3
harlow,3
harry,3
hate,3
hawái,3
haze,3
guaynabichy,3
guaynaabichy,3
goodbye,3
good,3
fra,3
freak,3
friend,3
friends,3
frío,3
fuerte,3
fui,3
fuimos,3
fuma,3
fumeteo,3
galileo,3
ganas,3
gasolina,3
gente,3
ghetto,3
give,3
gone,3
heh,3
hi,3
lao,3
juguete,3
jeday,3
jeepeta,3
jesy,3
jonas,3
jowell,3
joy,3
juanka,3
juego,3
justo,3
him,3
king,3
kingz,3
kitty,3
labio,3
lala,3
lalalalala,3
lalo,3
lamar,3
jade,3
is,3
invité,3
intro,3
historia,3
hmmhmm,3
holla,3
hombre,3
honor,3
hookah,3
horse,3
how,3
hoy,3
hydro,3
ido,3
if,3
igual,3
ill,3
ilusión,3
infeliz,3
interludio,3
zéro,3
